n,k,cuda_cost,cuda_time,pyvrp_cost,pyvrp_time,gap
10,1,2867.0,0.37382984161376953,2867,2.5205416679382324,0.0
100,10,10418.0,0.28317761421203613,7699,5.0063300132751465,35.316274840888426
1000,100,81147.0,0.7585413455963135,24352,27.809921741485596,233.22519710906698
